date,time,temperature,relative_humidity,pressure_mb,wind_speed_km/h,precipitation_mm,precipitation_type,location_id,location_town_id,location_town_district_id,location_town_district_region_id ,location_user_id 
2021-10-20,20:47:20,-4,42.201416,1131,97,38,rain,15,554782,CZ0100,CZ010,430
2022-11-09,17:39:07,37,51.05766,1014,8,294,rain,15,554782,CZ0100,CZ010,431
2022-12-21,03:21:10,5,55.225437,1062,85,417,rain,15,554782,CZ0100,CZ010,432
2021-04-28,08:23:25,20,53.941814,869,26,240,rain,15,554782,CZ0100,CZ010,433
2022-06-30,11:25:09,14,51.451538,1087,73,149,rain,15,554782,CZ0100,CZ010,434
2022-07-13,02:04:25,34,57.894985,1020,71,102,rain,15,554782,CZ0100,CZ010,435
2022-06-10,11:57:33,25,97.96009,1027,18,276,rain,15,554782,CZ0100,CZ010,436
2021-12-22,12:23:28,34,95.71194,1006,61,232,rain,15,554782,CZ0100,CZ010,437
2022-08-01,02:35:05,21,59.732674,1035,95,419,rain,15,554782,CZ0100,CZ010,438
2021-04-27,17:13:03,20,40.723114,973,86,489,rain,15,554782,CZ0100,CZ010,439
2021-06-18,02:25:26,-7,56.38648,1158,74,null,null,15,554782,CZ0100,CZ010,440
2022-08-02,19:09:50,13,80.71982,849,82,348,rain,15,554782,CZ0100,CZ010,441
2022-11-19,11:50:21,6,82.555405,976,79,178,rain,15,554782,CZ0100,CZ010,442
2021-07-09,22:59:31,32,48.290108,1075,57,310,rain,15,554782,CZ0100,CZ010,443
2022-03-19,12:47:14,23,62.16298,1192,96,3,rain,15,554782,CZ0100,CZ010,444
2022-10-01,07:56:56,-9,38.056328,999,51,55,rain,15,554782,CZ0100,CZ010,445
2022-06-23,05:00:58,34,24.55846,897,10,275,rain,15,554782,CZ0100,CZ010,446
2023-01-19,02:46:36,-5,36.55262,1113,30,287,rain,15,554782,CZ0100,CZ010,447
2021-06-22,14:06:26,10,50.951153,1154,42,172,rain,15,554782,CZ0100,CZ010,448
2021-05-14,05:40:16,4,51.093834,1063,100,353,rain,15,554782,CZ0100,CZ010,449
2021-01-04,00:59:37,29,49.630833,1101,12,6,rain,15,554782,CZ0100,CZ010,450
2021-12-15,23:52:31,33,10.15119,995,119,207,rain,15,554782,CZ0100,CZ010,451
2022-12-02,08:22:42,32,22.894716,848,86,398,rain,15,554782,CZ0100,CZ010,452
2021-03-14,18:22:11,22,31.319069,893,16,437,rain,15,554782,CZ0100,CZ010,453
2021-01-10,14:21:42,31,71.39081,1109,113,145,rain,15,554782,CZ0100,CZ010,454
2022-07-04,02:50:38,-6,53.775192,1075,15,420,rain,15,554782,CZ0100,CZ010,455
2022-04-02,13:47:00,31,21.692616,880,37,76,rain,15,554782,CZ0100,CZ010,456
2021-11-13,00:15:59,34,81.36607,1068,44,210,rain,15,554782,CZ0100,CZ010,457
2022-05-04,16:03:13,0,37.192177,970,9,204,rain,15,554782,CZ0100,CZ010,458
2021-04-23,06:20:01,3,60.16529,1054,51,311,rain,15,554782,CZ0100,CZ010,459
2022-10-30,08:03:42,17,88.81235,1067,42,441,rain,15,554782,CZ0100,CZ010,460
2022-11-13,21:23:11,31,36.792446,813,112,41,rain,15,554782,CZ0100,CZ010,461
2022-02-10,12:20:27,22,22.082407,971,47,146,rain,15,554782,CZ0100,CZ010,462
2022-06-10,22:20:38,39,68.774155,1095,0,320,rain,15,554782,CZ0100,CZ010,463
2021-09-27,13:17:46,32,86.77549,1111,21,127,rain,15,554782,CZ0100,CZ010,464
2021-10-09,14:00:23,12,75.43417,984,118,193,rain,15,554782,CZ0100,CZ010,465
2021-09-22,01:25:15,11,49.722298,961,54,257,rain,15,554782,CZ0100,CZ010,466
2021-10-09,10:45:50,17,33.528442,1075,58,341,rain,15,554782,CZ0100,CZ010,467
2021-07-25,14:27:27,34,48.962425,807,62,350,rain,15,554782,CZ0100,CZ010,468
2021-09-02,09:33:33,0,76.34516,1111,67,81,rain,15,554782,CZ0100,CZ010,469
2021-07-14,16:32:10,-8,84.43017,1038,7,442,rain,15,554782,CZ0100,CZ010,470
2021-04-06,14:09:45,20,63.242184,871,48,178,rain,15,554782,CZ0100,CZ010,471
2022-12-08,23:24:00,1,38.67231,874,24,179,rain,15,554782,CZ0100,CZ010,472
2021-07-08,00:30:06,21,71.69257,949,96,80,rain,15,554782,CZ0100,CZ010,473
2022-09-12,13:13:44,20,25.536316,981,119,19,rain,15,554782,CZ0100,CZ010,474
2021-01-15,17:12:37,1,55.37166,987,89,100,rain,15,554782,CZ0100,CZ010,475
2022-11-25,06:50:33,-3,99.44337,1136,7,null,null,15,554782,CZ0100,CZ010,476
2022-06-29,22:43:32,21,9.167653,1031,104,416,rain,15,554782,CZ0100,CZ010,477
2022-10-13,09:16:25,21,4.488778,971,116,284,rain,15,554782,CZ0100,CZ010,478
2022-08-03,09:57:01,0,37.133724,1086,98,475,rain,15,554782,CZ0100,CZ010,479
2021-11-15,00:56:44,-1,65.65875,804,32,433,rain,15,554782,CZ0100,CZ010,480
2021-09-06,12:56:53,17,69.4254,979,9,429,rain,15,554782,CZ0100,CZ010,481
2022-10-14,22:21:56,38,73.06575,812,4,295,rain,15,554782,CZ0100,CZ010,482
2022-08-23,04:27:59,16,59.507538,880,15,299,rain,15,554782,CZ0100,CZ010,483
2021-03-22,10:41:31,15,17.565065,1026,50,275,rain,15,554782,CZ0100,CZ010,484
2022-04-13,20:00:49,-7,23.038525,814,65,173,rain,15,554782,CZ0100,CZ010,485
2022-11-23,10:26:24,10,53.110153,1116,67,194,rain,15,554782,CZ0100,CZ010,486
2021-08-15,08:37:58,26,64.08732,1065,81,104,rain,15,554782,CZ0100,CZ010,487
2021-08-08,04:02:56,-2,99.90918,913,97,473,rain,15,554782,CZ0100,CZ010,488
2022-11-05,04:31:52,4,70.00886,1111,91,466,rain,15,554782,CZ0100,CZ010,489
2022-11-06,18:32:07,2,33.960297,984,94,305,rain,15,554782,CZ0100,CZ010,490
2021-02-25,20:59:34,25,72.75011,948,4,47,rain,15,554782,CZ0100,CZ010,491
2022-05-27,13:23:40,-6,46.912205,1023,92,165,rain,15,554782,CZ0100,CZ010,492
2021-05-24,13:25:06,23,57.90081,1009,99,295,rain,15,554782,CZ0100,CZ010,493
2021-12-20,19:45:16,29,81.81937,1109,53,75,rain,15,554782,CZ0100,CZ010,494
2021-11-10,05:16:57,23,81.056725,889,109,55,rain,15,554782,CZ0100,CZ010,495
2022-04-05,05:09:53,30,38.264935,1032,58,267,rain,15,554782,CZ0100,CZ010,496
2021-03-20,14:56:59,10,93.33879,885,82,371,rain,15,554782,CZ0100,CZ010,497
2021-03-27,01:31:52,21,8.362084,1091,74,299,rain,15,554782,CZ0100,CZ010,498
2021-02-20,12:07:38,38,71.4394,860,75,null,null,15,554782,CZ0100,CZ010,499
2021-04-05,03:34:16,38,47.830784,1046,78,297,rain,15,554782,CZ0100,CZ010,500
2021-12-22,10:17:20,34,37.44688,966,84,376,rain,15,554782,CZ0100,CZ010,501
2022-12-19,21:07:12,28,15.656966,841,38,482,rain,15,554782,CZ0100,CZ010,502
2021-10-11,14:47:46,18,87.581055,1006,58,395,rain,15,554782,CZ0100,CZ010,503
2021-07-04,17:56:50,18,86.92361,1041,37,162,rain,15,554782,CZ0100,CZ010,504
2023-01-19,18:46:05,-6,45.621674,1035,79,410,rain,15,554782,CZ0100,CZ010,505
2022-09-07,06:12:23,19,36.78903,861,113,36,rain,15,554782,CZ0100,CZ010,506
2022-08-03,01:07:15,38,20.805973,851,98,476,rain,15,554782,CZ0100,CZ010,507
2021-12-05,06:36:26,-5,12.095922,822,7,192,rain,15,554782,CZ0100,CZ010,508
2022-05-13,18:19:35,36,82.946045,889,100,272,rain,15,554782,CZ0100,CZ010,509
2022-03-09,18:54:17,-2,61.262226,1114,15,392,rain,15,554782,CZ0100,CZ010,510
2022-01-24,22:09:50,36,79.44075,881,30,375,rain,15,554782,CZ0100,CZ010,511
2023-01-23,04:52:45,7,89.5981,1006,37,null,null,15,554782,CZ0100,CZ010,512
2021-04-15,19:18:03,22,21.015131,866,74,null,null,15,554782,CZ0100,CZ010,513
2022-04-02,17:29:20,13,20.270855,1090,60,302,rain,15,554782,CZ0100,CZ010,514
2021-02-24,13:21:22,30,27.439886,1145,64,178,rain,15,554782,CZ0100,CZ010,515
2022-11-25,21:39:53,27,37.88213,950,73,126,rain,15,554782,CZ0100,CZ010,516
2021-02-24,13:27:24,34,22.709011,1080,28,456,rain,15,554782,CZ0100,CZ010,517
2021-09-16,19:15:27,19,97.241486,1046,119,175,rain,15,554782,CZ0100,CZ010,518
2021-10-11,16:55:55,7,56.387363,912,104,49,rain,15,554782,CZ0100,CZ010,519
2021-10-07,11:38:41,15,10.120344,955,12,36,rain,15,554782,CZ0100,CZ010,520
2022-10-01,04:14:44,21,16.576368,834,51,374,rain,15,554782,CZ0100,CZ010,521
2022-12-15,11:47:28,28,75.71358,834,62,471,rain,15,554782,CZ0100,CZ010,522
2021-01-13,20:46:54,0,70.38219,1153,28,450,rain,15,554782,CZ0100,CZ010,523
2022-04-16,13:44:59,17,11.645484,1186,102,160,rain,15,554782,CZ0100,CZ010,524
2021-01-26,22:42:06,26,90.368484,981,104,259,rain,15,554782,CZ0100,CZ010,525
2022-05-02,08:21:24,23,80.76002,1026,77,489,rain,15,554782,CZ0100,CZ010,526
2021-01-30,23:46:11,35,24.201859,809,74,180,rain,15,554782,CZ0100,CZ010,527
2022-09-07,10:13:35,-3,55.015095,937,74,272,rain,15,554782,CZ0100,CZ010,528
2022-03-26,08:04:25,13,27.575039,1081,48,21,rain,15,554782,CZ0100,CZ010,529
2022-07-03,19:31:35,-5,66.925224,810,30,494,rain,15,554782,CZ0100,CZ010,530
2021-05-28,15:06:12,-5,27.235931,1008,82,178,rain,15,554782,CZ0100,CZ010,531
2021-06-29,17:41:17,24,47.140537,1094,34,398,rain,15,554782,CZ0100,CZ010,532
2021-09-08,15:35:08,38,25.565422,948,48,128,rain,15,554782,CZ0100,CZ010,533
2021-12-30,02:12:55,0,49.315758,1089,40,79,rain,15,554782,CZ0100,CZ010,534
2022-05-09,12:01:52,15,57.527107,1131,97,25,rain,15,554782,CZ0100,CZ010,535
2021-10-26,03:06:20,33,39.24515,1131,58,301,rain,15,554782,CZ0100,CZ010,536
2021-02-01,07:39:39,-6,68.44931,941,30,455,rain,15,554782,CZ0100,CZ010,537
2021-02-27,01:12:26,38,23.31741,1170,5,425,rain,15,554782,CZ0100,CZ010,538
2021-09-05,03:06:12,26,78.198006,847,45,20,rain,15,554782,CZ0100,CZ010,539
2022-09-29,06:44:47,34,88.53306,800,58,166,rain,15,554782,CZ0100,CZ010,540
2022-09-30,03:08:56,37,51.665573,883,91,268,rain,15,554782,CZ0100,CZ010,541
2022-11-14,14:50:21,37,19.79732,819,53,389,rain,15,554782,CZ0100,CZ010,542
2022-01-03,22:22:22,-1,1.7371655,867,65,269,rain,15,554782,CZ0100,CZ010,543
2021-04-28,01:05:05,23,19.130056,1049,51,457,rain,15,554782,CZ0100,CZ010,544
2022-02-17,19:48:17,29,33.531796,1083,101,170,rain,15,554782,CZ0100,CZ010,545
2023-01-26,10:20:38,-4,58.00473,1069,46,null,null,15,554782,CZ0100,CZ010,546
2021-05-14,01:27:07,33,53.04128,832,61,null,null,15,554782,CZ0100,CZ010,547
2022-08-30,10:53:54,22,94.43279,819,93,228,rain,15,554782,CZ0100,CZ010,548
2021-02-15,23:25:35,22,6.791067,1169,69,28,rain,15,554782,CZ0100,CZ010,549
2022-03-08,06:40:19,27,88.19874,889,66,65,rain,15,554782,CZ0100,CZ010,550
2021-06-20,04:47:08,37,69.54682,1070,35,492,rain,15,554782,CZ0100,CZ010,551
2021-12-23,10:39:48,8,40.366108,1081,28,233,rain,15,554782,CZ0100,CZ010,552
2022-08-16,21:08:38,25,71.14452,867,32,77,rain,15,554782,CZ0100,CZ010,553
2022-04-24,13:59:05,36,24.855768,988,118,9,rain,15,554782,CZ0100,CZ010,554
2021-11-18,19:13:52,16,83.83128,914,103,475,rain,15,554782,CZ0100,CZ010,555
2021-05-22,20:25:00,37,82.65911,849,50,156,rain,15,554782,CZ0100,CZ010,556
2022-01-11,13:32:36,12,46.737038,811,42,169,rain,15,554782,CZ0100,CZ010,557
2022-11-16,18:04:45,22,12.757468,1136,90,259,rain,15,554782,CZ0100,CZ010,558
2022-03-09,04:54:20,-1,31.131792,1165,64,489,rain,15,554782,CZ0100,CZ010,559
2022-10-10,14:53:23,25,76.12639,855,32,145,rain,15,554782,CZ0100,CZ010,560
2022-10-09,12:30:32,-5,94.75996,1144,88,234,rain,15,554782,CZ0100,CZ010,561
2022-07-13,02:00:14,26,10.006481,989,37,85,rain,15,554782,CZ0100,CZ010,562
2021-04-14,09:28:13,7,39.539867,1015,17,267,rain,15,554782,CZ0100,CZ010,563
2023-01-21,05:18:49,-6,31.665146,1003,88,63,rain,15,554782,CZ0100,CZ010,564
2021-09-12,07:23:57,36,21.253359,815,96,182,rain,15,554782,CZ0100,CZ010,565
2022-04-23,05:00:49,32,20.801973,949,101,215,rain,15,554782,CZ0100,CZ010,566
2021-09-17,17:33:48,27,5.220902,934,38,162,rain,15,554782,CZ0100,CZ010,567
2022-08-08,13:58:05,19,60.395164,1027,8,252,rain,15,554782,CZ0100,CZ010,568
2021-01-10,18:22:54,-9,95.64749,1074,3,427,rain,15,554782,CZ0100,CZ010,569
2022-02-26,23:37:15,-7,37.428974,907,81,178,rain,15,554782,CZ0100,CZ010,570
2022-01-19,07:27:59,22,47.72252,1099,78,245,rain,15,554782,CZ0100,CZ010,571
2022-10-29,21:51:16,23,3.7849307,982,104,57,rain,15,554782,CZ0100,CZ010,572
2021-06-01,10:32:27,7,48.70673,906,3,113,rain,15,554782,CZ0100,CZ010,573
2022-03-12,21:10:48,3,15.239692,1106,108,369,rain,15,554782,CZ0100,CZ010,574
2022-07-14,08:06:52,24,32.93835,952,7,440,rain,15,554782,CZ0100,CZ010,575
2022-01-06,09:36:00,38,54.99185,1024,81,266,rain,15,554782,CZ0100,CZ010,576
2022-07-19,23:46:54,23,52.77276,1017,88,352,rain,15,554782,CZ0100,CZ010,577
2021-02-06,04:18:37,5,80.35556,835,47,93,rain,15,554782,CZ0100,CZ010,578
2021-11-12,06:41:28,-9,53.05501,1108,27,210,rain,15,554782,CZ0100,CZ010,579
2023-01-26,10:22:05,0,77.83068,995,76,30,rain,15,554782,CZ0100,CZ010,580
2023-01-02,00:57:53,9,78.29858,1060,8,449,rain,15,554782,CZ0100,CZ010,581
2021-01-15,22:45:07,3,70.38572,1178,98,152,rain,15,554782,CZ0100,CZ010,582
2021-01-13,09:11:14,-2,56.11537,1118,63,340,rain,15,554782,CZ0100,CZ010,583
2021-07-28,08:58:34,5,25.165642,974,53,177,rain,15,554782,CZ0100,CZ010,584
2021-05-14,10:05:23,7,57.689484,921,15,20,rain,15,554782,CZ0100,CZ010,585
2021-08-31,09:05:28,27,10.69001,811,28,12,rain,15,554782,CZ0100,CZ010,586
2022-05-27,20:50:21,26,22.778643,1174,33,243,rain,15,554782,CZ0100,CZ010,587
2022-04-04,03:25:38,-2,54.05623,993,6,186,rain,15,554782,CZ0100,CZ010,588
2021-10-15,21:02:44,12,33.79931,812,104,400,rain,15,554782,CZ0100,CZ010,589
2021-10-06,11:36:58,24,98.726974,902,29,364,rain,15,554782,CZ0100,CZ010,590
2022-10-21,12:33:33,34,27.357023,1101,4,313,rain,15,554782,CZ0100,CZ010,591
2021-08-22,05:10:19,33,38.192356,1075,100,79,rain,15,554782,CZ0100,CZ010,592
2022-07-28,10:33:36,-8,84.761536,930,110,425,rain,15,554782,CZ0100,CZ010,593
2022-01-23,00:49:06,6,86.99508,1117,3,104,rain,15,554782,CZ0100,CZ010,594
2021-01-11,04:46:25,-4,84.9825,1018,113,182,rain,15,554782,CZ0100,CZ010,595
2022-07-04,20:43:52,20,23.115517,1013,25,141,rain,15,554782,CZ0100,CZ010,596
2022-02-27,19:08:41,0,78.16967,894,102,58,rain,15,554782,CZ0100,CZ010,597
2022-07-29,23:46:28,38,40.236313,1036,60,340,rain,15,554782,CZ0100,CZ010,598
2022-03-17,11:34:22,11,50.341354,982,42,448,rain,15,554782,CZ0100,CZ010,599
2022-11-18,17:05:34,20,42.08127,864,14,23,rain,15,554782,CZ0100,CZ010,600
2022-10-03,20:36:06,11,40.275295,933,74,427,rain,15,554782,CZ0100,CZ010,601
2021-04-21,07:14:36,27,78.22722,833,101,325,rain,15,554782,CZ0100,CZ010,602
2021-06-04,17:37:58,18,77.15497,1152,116,58,rain,15,554782,CZ0100,CZ010,603
2021-09-01,13:18:29,31,72.38341,914,114,362,rain,15,554782,CZ0100,CZ010,604
2021-02-25,12:18:43,25,24.475044,1083,30,240,rain,15,554782,CZ0100,CZ010,605
2022-10-04,02:34:13,13,73.995445,824,3,205,rain,15,554782,CZ0100,CZ010,606
2022-07-06,02:30:55,1,85.64445,1039,105,435,rain,15,554782,CZ0100,CZ010,607
2021-12-06,22:10:08,24,27.300102,1038,70,177,rain,15,554782,CZ0100,CZ010,608
2022-11-18,20:20:24,16,17.85016,911,76,232,rain,15,554782,CZ0100,CZ010,609
2021-10-03,16:06:58,0,45.096653,942,114,457,rain,15,554782,CZ0100,CZ010,610
2021-09-04,17:35:31,16,89.56572,975,84,232,rain,15,554782,CZ0100,CZ010,611
2021-05-15,05:15:22,5,37.86959,1137,65,305,rain,15,554782,CZ0100,CZ010,612
2021-11-23,09:09:30,2,45.1588,1145,78,467,rain,15,554782,CZ0100,CZ010,613
2021-09-19,07:52:45,38,78.15519,819,117,288,rain,15,554782,CZ0100,CZ010,614
2021-09-07,16:01:03,11,59.826374,853,89,384,rain,15,554782,CZ0100,CZ010,615
2021-04-15,03:30:40,9,23.352337,1186,52,333,rain,15,554782,CZ0100,CZ010,616
2021-06-11,08:39:16,-2,72.02772,936,104,288,rain,15,554782,CZ0100,CZ010,617
2022-07-18,16:55:03,21,53.76273,1045,57,280,rain,15,554782,CZ0100,CZ010,618
2022-01-16,10:20:47,23,10.793077,1017,50,24,rain,15,554782,CZ0100,CZ010,619
2022-11-11,16:35:54,-9,97.94419,1132,77,209,rain,15,554782,CZ0100,CZ010,620
2021-07-18,20:40:34,25,99.025795,911,67,429,rain,15,554782,CZ0100,CZ010,621
2021-03-10,18:42:46,-2,68.65584,1167,101,253,rain,15,554782,CZ0100,CZ010,622
2021-05-23,09:33:59,9,83.57945,1014,43,204,rain,15,554782,CZ0100,CZ010,623
2022-01-27,14:27:01,6,34.091724,893,22,430,rain,15,554782,CZ0100,CZ010,624
2022-09-02,14:15:22,22,97.017746,1058,84,412,rain,15,554782,CZ0100,CZ010,625
2023-01-04,20:07:26,6,77.53185,1110,40,5,rain,15,554782,CZ0100,CZ010,626
2021-05-17,22:35:54,-8,21.090961,1087,48,430,rain,15,554782,CZ0100,CZ010,627
2021-12-22,21:41:20,24,46.207493,978,59,226,rain,15,554782,CZ0100,CZ010,628
2022-07-15,19:32:36,37,3.197527,1157,51,413,rain,15,554782,CZ0100,CZ010,629
2022-08-17,21:11:48,20,29.650408,802,109,166,rain,15,554782,CZ0100,CZ010,630
2021-09-26,19:55:21,11,18.431562,800,5,239,rain,15,554782,CZ0100,CZ010,631
2021-05-07,23:21:33,-1,70.83467,1144,28,169,rain,15,554782,CZ0100,CZ010,632
2021-11-15,05:01:49,12,63.301754,931,118,394,rain,15,554782,CZ0100,CZ010,633
2022-01-22,15:53:08,16,51.307034,969,2,348,rain,15,554782,CZ0100,CZ010,634
2021-01-17,02:26:01,-8,33.293026,1031,6,327,rain,15,554782,CZ0100,CZ010,635
2022-09-12,15:26:38,11,75.0741,1044,72,342,rain,15,554782,CZ0100,CZ010,636
2021-06-25,00:09:13,16,25.835258,1144,23,142,rain,15,554782,CZ0100,CZ010,637
2021-08-24,01:39:48,31,9.217602,851,81,106,rain,15,554782,CZ0100,CZ010,638
2021-06-13,14:06:00,-5,30.813807,1077,97,232,rain,15,554782,CZ0100,CZ010,639
2022-03-13,13:37:55,-7,0.6319761,952,65,83,rain,15,554782,CZ0100,CZ010,640
2021-06-16,22:34:19,21,21.14268,1041,111,370,rain,15,554782,CZ0100,CZ010,641
2023-01-17,00:28:31,-8,80.74522,1161,35,269,rain,15,554782,CZ0100,CZ010,642
2021-03-30,17:17:57,17,50.58102,993,37,122,rain,15,554782,CZ0100,CZ010,643
2021-01-30,20:29:37,38,49.005104,967,71,428,rain,15,554782,CZ0100,CZ010,644
2021-12-21,00:12:58,30,64.587944,915,39,130,rain,15,554782,CZ0100,CZ010,645
2021-05-01,16:28:34,28,92.72111,1072,70,38,rain,15,554782,CZ0100,CZ010,646
2022-03-25,10:31:52,32,37.243004,1010,58,474,rain,15,554782,CZ0100,CZ010,647
2022-06-23,12:31:49,6,88.48702,1147,107,4,rain,15,554782,CZ0100,CZ010,648
2021-11-13,22:31:09,39,27.021711,831,18,222,rain,15,554782,CZ0100,CZ010,649
2022-09-11,07:20:47,0,73.41065,968,20,43,rain,15,554782,CZ0100,CZ010,650
2021-11-04,00:23:20,26,95.697876,986,14,443,rain,15,554782,CZ0100,CZ010,651
2022-02-09,21:16:51,8,46.810616,846,85,175,rain,15,554782,CZ0100,CZ010,652
2021-08-14,19:53:20,9,5.506688,868,40,113,rain,15,554782,CZ0100,CZ010,653
2022-09-08,13:22:39,14,83.06642,878,66,410,rain,15,554782,CZ0100,CZ010,654
2022-10-20,10:45:42,1,74.93615,1088,52,132,rain,15,554782,CZ0100,CZ010,655
2021-01-19,21:04:28,9,76.85868,1181,103,285,rain,15,554782,CZ0100,CZ010,656
2022-08-23,14:15:04,37,86.6211,848,68,320,rain,15,554782,CZ0100,CZ010,657
2022-02-06,23:18:58,17,52.66956,847,98,403,rain,15,554782,CZ0100,CZ010,658
2022-07-14,17:27:36,20,67.06519,1032,109,263,rain,15,554782,CZ0100,CZ010,659
2022-11-10,10:40:05,-3,6.057543,1126,64,211,rain,15,554782,CZ0100,CZ010,660
2021-07-11,09:16:51,32,27.57774,1182,3,363,rain,15,554782,CZ0100,CZ010,661
2021-11-25,11:33:56,12,12.125647,960,16,475,rain,15,554782,CZ0100,CZ010,662
2021-02-18,05:56:07,-9,28.365213,1106,33,337,rain,15,554782,CZ0100,CZ010,663
2022-03-11,02:46:36,16,13.462437,912,104,385,rain,15,554782,CZ0100,CZ010,664
2022-02-12,01:36:03,11,36.194366,932,42,445,rain,15,554782,CZ0100,CZ010,665
2022-05-29,00:09:39,17,36.653244,867,84,21,rain,15,554782,CZ0100,CZ010,666
2022-09-20,07:56:21,33,93.768684,863,108,293,rain,15,554782,CZ0100,CZ010,667
2022-11-10,16:58:39,14,9.356451,1176,78,276,rain,15,554782,CZ0100,CZ010,668
2022-06-21,20:56:41,-4,29.061157,1137,103,151,rain,15,554782,CZ0100,CZ010,669
2023-01-24,16:07:06,19,80.745636,1194,48,3,rain,15,554782,CZ0100,CZ010,670
2022-11-22,09:42:29,21,4.077089,909,84,24,rain,15,554782,CZ0100,CZ010,671
2022-02-21,21:50:07,29,9.184522,828,100,5,rain,15,554782,CZ0100,CZ010,672
2022-12-27,23:32:30,-2,3.012967,865,33,296,rain,15,554782,CZ0100,CZ010,673
2021-07-15,23:44:18,25,14.324141,1051,43,96,rain,15,554782,CZ0100,CZ010,674
2022-02-15,10:24:14,15,93.50383,831,35,42,rain,15,554782,CZ0100,CZ010,675
2022-04-26,04:29:17,-6,12.164223,880,101,28,rain,15,554782,CZ0100,CZ010,676
2022-12-16,13:01:21,7,3.4824312,1039,68,391,rain,15,554782,CZ0100,CZ010,677
2021-04-22,05:01:06,1,76.023994,1089,7,469,rain,15,554782,CZ0100,CZ010,678
2023-01-20,00:09:22,28,73.54498,1051,53,376,rain,15,554782,CZ0100,CZ010,679
2021-03-18,15:10:05,8,81.84933,960,86,357,rain,15,554782,CZ0100,CZ010,680
2021-06-01,03:49:06,25,95.05124,1066,33,56,rain,15,554782,CZ0100,CZ010,681
2022-09-29,12:37:26,12,28.510921,829,2,228,rain,15,554782,CZ0100,CZ010,682
2021-12-04,09:34:34,0,85.32818,1062,2,173,rain,15,554782,CZ0100,CZ010,683
2022-12-06,08:56:33,10,24.727654,1007,2,283,rain,15,554782,CZ0100,CZ010,684
2022-07-03,14:15:48,-9,85.40951,1126,63,22,rain,15,554782,CZ0100,CZ010,685
2022-03-07,03:55:00,-2,43.932266,814,65,372,rain,15,554782,CZ0100,CZ010,686
2022-05-06,21:41:37,30,96.88379,906,25,433,rain,15,554782,CZ0100,CZ010,687
2021-06-09,15:27:22,26,18.631256,965,119,376,rain,15,554782,CZ0100,CZ010,688
2022-09-17,23:05:51,-5,70.16888,1113,67,81,rain,15,554782,CZ0100,CZ010,689
2021-12-16,17:33:39,35,81.73625,826,68,175,rain,15,554782,CZ0100,CZ010,690
2022-02-24,11:11:20,17,72.44553,942,111,145,rain,15,554782,CZ0100,CZ010,691
2022-11-24,10:16:36,35,26.906437,1164,55,354,rain,15,554782,CZ0100,CZ010,692
2021-08-23,01:41:48,6,19.057804,1189,66,441,rain,15,554782,CZ0100,CZ010,693
2022-08-19,13:04:57,12,2.8850377,1176,38,203,rain,15,554782,CZ0100,CZ010,694
2021-12-08,19:55:38,33,98.95364,1178,93,52,rain,15,554782,CZ0100,CZ010,695
2022-12-22,09:05:11,39,70.07786,995,69,272,rain,15,554782,CZ0100,CZ010,696
2021-07-11,11:23:25,32,25.773186,883,70,375,rain,15,554782,CZ0100,CZ010,697
2021-07-02,16:46:42,19,14.742356,861,115,422,rain,15,554782,CZ0100,CZ010,698
2021-12-04,12:36:26,11,89.25104,868,52,98,rain,15,554782,CZ0100,CZ010,699
2022-11-22,14:08:10,31,13.852143,1112,42,31,rain,15,554782,CZ0100,CZ010,700
2021-04-24,06:13:58,-5,76.301056,872,37,387,rain,15,554782,CZ0100,CZ010,701
2021-06-26,20:17:48,21,69.49823,1196,0,15,rain,15,554782,CZ0100,CZ010,702
2021-02-21,21:39:45,-5,93.69197,912,46,404,rain,15,554782,CZ0100,CZ010,703
2022-11-06,20:31:12,20,72.01209,1092,80,152,rain,15,554782,CZ0100,CZ010,704
2021-04-13,16:19:03,7,31.290657,1114,100,142,rain,15,554782,CZ0100,CZ010,705
2022-01-24,10:00:55,8,69.82701,960,99,285,rain,15,554782,CZ0100,CZ010,706
2021-09-26,23:33:04,16,1.4952242,832,104,131,rain,15,554782,CZ0100,CZ010,707
2022-06-27,05:39:33,13,42.88324,989,24,268,rain,15,554782,CZ0100,CZ010,708
2021-06-16,08:54:32,-4,64.82574,1018,7,465,rain,15,554782,CZ0100,CZ010,709
2022-12-27,20:25:44,-9,31.549381,1193,58,327,rain,15,554782,CZ0100,CZ010,710
2022-03-09,09:38:53,5,42.45594,977,62,93,rain,15,554782,CZ0100,CZ010,711
2021-10-12,07:29:43,36,78.00711,1138,51,227,rain,15,554782,CZ0100,CZ010,712
2022-01-19,07:47:51,17,97.750336,1015,78,334,rain,15,554782,CZ0100,CZ010,713
2021-01-17,01:51:45,-2,41.434322,963,42,27,rain,15,554782,CZ0100,CZ010,714
2022-09-28,17:47:37,27,58.679123,1119,83,351,rain,15,554782,CZ0100,CZ010,715
2022-03-10,00:59:02,21,77.38433,890,108,175,rain,15,554782,CZ0100,CZ010,716
2022-04-20,18:55:00,10,21.952343,899,53,78,rain,15,554782,CZ0100,CZ010,717
2022-06-06,00:40:45,14,45.04738,917,59,456,rain,15,554782,CZ0100,CZ010,718
2021-12-22,18:18:09,36,87.72363,1171,112,276,rain,15,554782,CZ0100,CZ010,719
2022-08-04,06:12:23,4,74.67775,1023,80,92,rain,15,554782,CZ0100,CZ010,720
2022-01-28,05:06:52,23,41.378967,815,63,268,rain,15,554782,CZ0100,CZ010,721
2021-05-24,17:49:55,31,34.901817,959,75,174,rain,15,554782,CZ0100,CZ010,722
2021-03-29,16:15:01,8,23.670982,1037,92,14,rain,15,554782,CZ0100,CZ010,723
2022-11-10,08:49:21,1,2.1711946,1118,52,87,rain,15,554782,CZ0100,CZ010,724
2021-06-23,04:49:52,23,85.05655,1167,78,405,rain,15,554782,CZ0100,CZ010,725
2021-09-29,22:16:28,-4,52.338306,805,99,34,rain,15,554782,CZ0100,CZ010,726
2021-03-01,11:30:29,-6,24.693537,1181,93,326,rain,15,554782,CZ0100,CZ010,727
2022-08-16,10:16:54,18,44.708973,906,90,498,rain,15,554782,CZ0100,CZ010,728
2021-05-27,23:14:38,9,51.33061,972,56,53,rain,15,554782,CZ0100,CZ010,729
2022-12-06,15:22:02,6,0.8472979,893,87,369,rain,15,554782,CZ0100,CZ010,730
2021-02-22,00:14:15,13,46.039646,1130,75,154,rain,15,554782,CZ0100,CZ010,731
2022-04-08,06:59:11,-7,16.50141,885,95,194,rain,15,554782,CZ0100,CZ010,732
2022-02-03,22:24:49,-8,65.55882,1090,78,149,rain,15,554782,CZ0100,CZ010,733
2021-03-17,04:41:48,39,16.319054,1038,95,244,rain,15,554782,CZ0100,CZ010,734
2022-11-03,03:28:39,25,60.13847,835,112,170,rain,15,554782,CZ0100,CZ010,735
2021-10-10,13:29:51,2,38.34188,1008,104,193,rain,15,554782,CZ0100,CZ010,736
2022-07-05,02:12:46,0,15.521008,1052,117,245,rain,15,554782,CZ0100,CZ010,737
2021-05-24,17:50:47,0,87.386185,849,118,196,rain,15,554782,CZ0100,CZ010,738
2022-11-29,11:25:09,9,2.728057,1005,35,265,rain,15,554782,CZ0100,CZ010,739
2021-01-25,18:50:33,24,95.773636,813,49,4,rain,15,554782,CZ0100,CZ010,740
2021-01-22,21:34:16,14,30.11089,1027,34,167,rain,15,554782,CZ0100,CZ010,741
2021-12-16,16:20:12,10,42.09947,922,28,366,rain,15,554782,CZ0100,CZ010,742
2022-03-26,20:40:25,33,60.311424,1001,83,369,rain,15,554782,CZ0100,CZ010,743
2022-12-04,20:58:51,-8,12.964028,920,38,461,rain,15,554782,CZ0100,CZ010,744
2022-07-13,09:02:27,30,93.00985,936,54,352,rain,15,554782,CZ0100,CZ010,745
2021-08-18,05:26:27,14,55.201687,976,36,16,rain,15,554782,CZ0100,CZ010,746
2023-01-26,01:45:07,18,2.444476,853,43,471,rain,15,554782,CZ0100,CZ010,747
2022-11-27,17:49:55,7,50.946987,976,111,319,rain,15,554782,CZ0100,CZ010,748
2022-05-24,09:03:36,-7,9.892797,883,54,247,rain,15,554782,CZ0100,CZ010,749
2022-04-08,05:31:12,32,11.848611,1020,105,437,rain,15,554782,CZ0100,CZ010,750
2022-01-31,21:52:34,-3,7.767206,910,114,386,rain,15,554782,CZ0100,CZ010,751
2022-12-16,15:02:44,33,2.5014162,1091,1,332,rain,15,554782,CZ0100,CZ010,752
2021-12-20,19:15:10,12,46.47136,969,115,21,rain,15,554782,CZ0100,CZ010,753
2021-10-29,13:41:23,34,31.447613,881,42,307,rain,15,554782,CZ0100,CZ010,754
2022-10-05,22:22:13,29,38.527996,1037,80,92,rain,15,554782,CZ0100,CZ010,755
2021-03-24,11:31:29,14,5.8250484,914,116,334,rain,15,554782,CZ0100,CZ010,756
2021-05-10,00:13:32,16,16.844458,1081,13,180,rain,15,554782,CZ0100,CZ010,757
2021-02-13,23:30:55,18,91.08004,872,54,264,rain,15,554782,CZ0100,CZ010,758
2022-07-13,04:20:38,-2,70.655205,827,97,190,rain,15,554782,CZ0100,CZ010,759
2022-12-27,21:19:00,39,83.48527,814,34,126,rain,15,554782,CZ0100,CZ010,760
2022-12-16,18:23:37,9,64.01674,1076,31,468,rain,15,554782,CZ0100,CZ010,761
2021-05-06,11:11:11,8,37.545403,1111,7,29,rain,15,554782,CZ0100,CZ010,762
2022-10-31,11:55:32,24,79.048584,924,61,128,rain,15,554782,CZ0100,CZ010,763
2021-11-16,12:39:45,-6,56.58761,1180,102,20,rain,15,554782,CZ0100,CZ010,764
2021-10-12,13:54:55,15,44.19063,978,88,477,rain,15,554782,CZ0100,CZ010,765
2022-09-11,20:41:34,8,75.27576,1151,119,152,rain,15,554782,CZ0100,CZ010,766
2022-03-09,23:04:34,34,37.354927,1034,70,26,rain,15,554782,CZ0100,CZ010,767
2022-11-19,00:43:12,-4,12.967605,872,72,4,rain,15,554782,CZ0100,CZ010,768
2021-02-24,11:05:43,-1,5.97924,1087,5,451,rain,15,554782,CZ0100,CZ010,769
2022-01-25,05:33:22,18,13.143987,1146,95,430,rain,15,554782,CZ0100,CZ010,770
2022-05-15,04:01:55,8,2.5310457,831,68,467,rain,15,554782,CZ0100,CZ010,771
2021-11-19,12:37:09,36,75.31618,1000,89,66,rain,15,554782,CZ0100,CZ010,772
2023-01-22,03:27:22,39,67.77855,937,43,9,rain,15,554782,CZ0100,CZ010,773
2022-11-12,06:39:53,31,34.517807,814,108,61,rain,15,554782,CZ0100,CZ010,774
2023-01-12,10:09:50,-7,84.267494,859,40,148,rain,15,554782,CZ0100,CZ010,775
2021-07-30,09:12:49,9,24.885284,946,95,31,rain,15,554782,CZ0100,CZ010,776
2021-05-24,02:55:24,2,9.245628,963,98,369,rain,15,554782,CZ0100,CZ010,777
2022-08-21,08:48:29,-6,73.843346,815,51,71,rain,15,554782,CZ0100,CZ010,778
2022-07-03,17:05:08,24,22.945988,970,100,12,rain,15,554782,CZ0100,CZ010,779
2022-05-23,13:47:00,39,69.74791,843,33,335,rain,15,554782,CZ0100,CZ010,780
2021-01-24,19:16:28,-5,44.532448,813,105,49,rain,15,554782,CZ0100,CZ010,781
2022-04-28,06:51:07,25,80.691154,1185,75,432,rain,15,554782,CZ0100,CZ010,782
2022-01-08,11:45:45,0,25.142557,1183,46,274,rain,15,554782,CZ0100,CZ010,783
2022-08-16,05:08:01,24,86.023155,882,81,454,rain,15,554782,CZ0100,CZ010,784
2021-12-22,00:24:37,35,69.3152,818,27,306,rain,15,554782,CZ0100,CZ010,785
2022-04-15,03:54:17,-9,83.73928,1191,37,213,rain,15,554782,CZ0100,CZ010,786
2022-05-10,11:22:25,8,98.49001,861,72,476,rain,15,554782,CZ0100,CZ010,787
2021-02-18,16:23:31,29,15.105581,897,3,72,rain,15,554782,CZ0100,CZ010,788
2021-06-24,19:19:12,14,24.739588,1156,101,160,rain,15,554782,CZ0100,CZ010,789
2021-05-26,02:40:08,3,26.840973,1122,21,179,rain,15,554782,CZ0100,CZ010,790
2021-09-08,22:05:48,2,36.511528,987,8,285,rain,15,554782,CZ0100,CZ010,791
2021-03-24,07:33:53,10,30.40238,1173,85,345,rain,15,554782,CZ0100,CZ010,792
2021-01-17,16:09:42,4,98.49037,926,28,177,rain,15,554782,CZ0100,CZ010,793
2022-08-30,13:36:46,13,95.429436,853,17,457,rain,15,554782,CZ0100,CZ010,794
2022-10-21,06:52:42,35,85.18103,1029,80,270,rain,15,554782,CZ0100,CZ010,795
2022-04-30,03:57:10,21,30.589878,948,21,445,rain,15,554782,CZ0100,CZ010,796
2021-07-07,00:20:10,1,55.917282,1008,4,156,rain,15,554782,CZ0100,CZ010,797
2021-07-04,17:00:58,5,31.412006,921,102,266,rain,15,554782,CZ0100,CZ010,798
2022-02-03,11:37:15,22,65.61458,1094,108,411,rain,15,554782,CZ0100,CZ010,799
2022-09-15,05:15:30,16,11.721313,913,86,138,rain,15,554782,CZ0100,CZ010,800
2022-02-05,20:30:29,26,27.450388,946,65,397,rain,15,554782,CZ0100,CZ010,801
2022-02-26,10:37:38,34,9.827084,1026,81,288,rain,15,554782,CZ0100,CZ010,802
2022-01-22,02:14:12,36,78.42362,890,3,248,rain,15,554782,CZ0100,CZ010,803
2021-08-31,09:57:19,18,82.98309,890,94,423,rain,15,554782,CZ0100,CZ010,804
2022-12-01,14:02:59,10,57.670795,1120,93,279,rain,15,554782,CZ0100,CZ010,805
2022-06-14,09:24:12,-5,21.36718,949,117,469,rain,15,554782,CZ0100,CZ010,806
2021-08-12,20:30:29,38,4.650015,970,33,227,rain,15,554782,CZ0100,CZ010,807
2021-10-31,21:02:27,13,37.401443,894,46,200,rain,15,554782,CZ0100,CZ010,808
2021-12-25,18:26:30,31,76.93235,893,33,352,rain,15,554782,CZ0100,CZ010,809
2022-08-31,10:17:02,0,35.9618,1106,12,332,rain,15,554782,CZ0100,CZ010,810
2022-06-25,15:19:26,35,83.45334,1060,11,37,rain,15,554782,CZ0100,CZ010,811
2022-05-21,17:47:37,15,62.802036,1145,53,7,rain,15,554782,CZ0100,CZ010,812
2021-11-13,08:50:38,25,89.23703,837,58,106,rain,15,554782,CZ0100,CZ010,813
2021-11-05,15:09:22,-8,67.57721,1034,93,246,rain,15,554782,CZ0100,CZ010,814
2022-06-04,23:44:36,11,58.24117,1082,49,235,rain,15,554782,CZ0100,CZ010,815
2022-08-06,07:52:11,33,74.84238,1131,19,76,rain,15,554782,CZ0100,CZ010,816
2022-04-15,10:11:34,-4,76.34155,853,55,262,rain,15,554782,CZ0100,CZ010,817
2022-03-30,22:06:14,33,86.902626,1025,12,320,rain,15,554782,CZ0100,CZ010,818
2022-10-19,19:16:36,38,68.947556,838,52,274,rain,15,554782,CZ0100,CZ010,819
2022-04-18,08:30:55,5,94.550995,1091,80,407,rain,15,554782,CZ0100,CZ010,820
2022-11-09,04:11:51,34,14.31911,854,111,138,rain,15,554782,CZ0100,CZ010,821
2021-04-20,08:45:10,19,43.392433,1101,114,213,rain,15,554782,CZ0100,CZ010,822
2022-01-28,23:13:38,12,39.70753,849,101,211,rain,15,554782,CZ0100,CZ010,823
2021-05-02,13:48:35,5,50.66502,1022,33,358,rain,15,554782,CZ0100,CZ010,824
2021-06-27,10:44:59,24,46.835667,1183,68,401,rain,15,554782,CZ0100,CZ010,825
2021-05-04,07:00:37,24,32.0218,1000,40,300,rain,15,554782,CZ0100,CZ010,826
2022-01-17,00:06:20,36,87.094536,1198,60,349,rain,15,554782,CZ0100,CZ010,827
2022-08-28,13:00:03,19,11.863941,800,81,413,rain,15,554782,CZ0100,CZ010,828
2022-08-11,14:34:13,33,91.35212,909,23,396,rain,15,554782,CZ0100,CZ010,829
